/*STUDENT DATA*/
INSERT INTO STUDENT VALUES (2022479888,'Ikhwan Farizudin Bin Nazarudin','TS 228 B','011-11967398');
INSERT INTO STUDENT VALUES (2022371123,'Fateh Bin Sulaiman','SR 221 B','012-35019836');
INSERT INTO STUDENT VALUES (2021432665,'Alif Aiman Bin Amir','SR 331 C','011-23976410');
INSERT INTO STUDENT VALUES (2021372986,'Najib Bin Abdul Hazi','SB 112 A','017-98374412');
INSERT INTO STUDENT VALUES (2022178944,'Fahim Bin Najmie','SR 231 C','017-93471374');
INSERT INTO STUDENT VALUES (2020291776,'Amirul Aiman Bin Suhaimi','SR 321 B','014-27837411');
INSERT INTO STUDENT VALUES (2021478221,'Nabiela Binti Yazid Sulaiman','NL 110 A','013-12987465');
INSERT INTO STUDENT VALUES (2022178263,'Hanani Binti Saad','MT 231 C','012-77364987');
INSERT INTO STUDENT VALUES (2020176332,'Nadrah Atiqah Binti Abdullah','BD 221 B','013-56287364');
INSERT INTO STUDENT VALUES (2020179337,'Putri Natsha Binti Amri','NL 219 A','018-93782987');
INSERT INTO STUDENT VALUES (2022311777,'Amer Hakimi Bin Ahmad Dhani','SR 123 B','012-77364598');
INSERT INTO STUDENT VALUES (2021478553,'Sofea Binti Salleh','BD 321 B','016-2934756');
INSERT INTO STUDENT VALUES (2021284736,'Faris Aiman Bin Seruji','SR 212 A','011-21893746');
INSERT INTO STUDENT VALUES (2022761893,'Syafikah Binti Ismail','NL 123 B','012-98374907');
INSERT INTO STUDENT VALUES (2023789321,'Fikri Bin Qairyah','SB 214 A','014-28910371');
INSERT INTO STUDENT VALUES (2021387461,'Kamal Bin Hamed','TS 228 B','019-83217341');
INSERT INTO STUDENT VALUES (2023461789,'Zahidah Binti Zaki','NL 220B','012-89374651');
INSERT INTO STUDENT VALUES (2023671897,'Demir bin Baharudin','TS 231 C','014-6783098');
INSERT INTO STUDENT VALUES (2022479123,'Mahmud Sufi Bin Azmi','TS 329 B','016-8293734');
INSERT INTO STUDENT VALUES (2023189374,'Faridah Binti Ahmad','BD 212 A','013-7150921');
INSERT INTO STUDENT VALUES (2023187986,'Naza Hadir Bin Jaafar','SB 211 A','017-7707109');
INSERT INTO STUDENT VALUES (2021198000,'Azri Bin Azmir','SB 119 A','012-12309811');

/*EMPLOYEE DATA*/
INSERT INTO EMPLOYEE VALUES (1021,'1992-04-12','Mr','Akmal Zainuddin Bin Abdullah','2019-04-18','019-2335679');
INSERT INTO EMPLOYEE VALUES (1022,'1998-09-22','Mr','Adnan Hairi Bin Zamri','2021-09-21','012-46552915');
INSERT INTO EMPLOYEE VALUES (1023,'1996-04-18','Mrs','Zaitun Alia Binti Kasmon','2021-11-07','011-7984432');
INSERT INTO EMPLOYEE VALUES (1024,'1995-11-15','Mr','Zulhairi Bin Majid','2019-04-14','014-8326697');
INSERT INTO EMPLOYEE VALUES (1025,'1998-07-27','Mrs','Mawar Najwa Binti Haris','2022-10-19','011-2265972');
INSERT INTO EMPLOYEE VALUES (1026,'1994-07-13','Mr','Kassim Bin Abdul Halim','2019-07-16','013-11623391');
INSERT INTO EMPLOYEE VALUES (1027,'1997-03-19','Mrs','Hanani Binti Khairuddin','2022-01-30','012-8642364');

/*COURIER DATA*/
INSERT INTO COURIER VALUES ('S329XP','Afzar Aiman Bin Khalid','011-1456332','Shopee Express');
INSERT INTO COURIER VALUES ('N8991V','Sulaiman Anwan Bin Khairi','014-77439269','Ninja Van');
INSERT INTO COURIER VALUES ('J233NT','Hafizul Bin Kasiman Ali','017-44583629','JNT Express');

/*PARCEL*/
INSERT INTO PARCEL VALUES('SPXMY2386955671','S',0.50,'2023-11-29','A0145',1023,2021432665,'S329XP','YES');
INSERT INTO PARCEL VALUES('SPE5501235356','L',2.00,'2023-11-23','C1221',1022,2022311777,'N8991V','YES'); 
INSERT INTO PARCEL VALUES('620024921345513','S',0.50,'2023-11-20','A2140',1021,2021478221,'J233NT','YES');
INSERT INTO PARCEL VALUES('SPE1185028563','M',1.50,'2023-11-23','B2411',1023,2020179337,'N8991V','YES');
INSERT INTO PARCEL VALUES('SPXMY1195032521','M',1.50,'2023-11-29','B0023',1024,2021478221,'S329XP','YES');
INSERT INTO PARCEL VALUES('620023443418593','L',2.00,'2023-11-20','C004',1022,2022479888,'J233NT','YES');
INSERT INTO PARCEL VALUES('620024723328574','M',1.50,'2023-11-20','B2313',1023,2023189374,'J233NT','YES');
INSERT INTO PARCEL VALUES('SPXMY2844978568','L',2.00,'2023-11-29',null,1023,2022479888,'S329XP','NO');
INSERT INTO PARCEL VALUES('SPE2940482949','S',0.50,'2023-11-23','A6473',1022,2021478221,'N8991V','YES'); 
INSERT INTO PARCEL VALUES('SPE2859303396','M',1.50,'2023-11-23','B3757',1023,2023187986,'N8991V','YES');

INSERT INTO PARCEL VALUES('620020411164516','L',2.00,'2023-11-22','A0135',1026,2023187986,'J233NT','YES'); 
INSERT INTO PARCEL VALUES('620020402391419','L',2.00,'2023-11-22','C1211',1027,2022761893,'J233NT','YES');
INSERT INTO PARCEL VALUES('620020330389174','M',1.50,'2023-11-22','B2150',1021,2021478553,'J233NT','YES');
INSERT INTO PARCEL VALUES('620020325472522','S',0.50,'2023-11-22','A1011',1021,2023187986,'J233NT','YES');
INSERT INTO PARCEl VALUES('SPXMY1150102921','M',1.50,'2023-11-27','B1223',1026,2022761893,'S329XP','YES');
INSERT INTO PARCEL VALUES('620024440412593','S',0.50,'2023-11-26','A1204',1024,2021387461,'J233NT','YES');
INSERT INTO PARCEL VALUES('SPXMY097160303','M',1.50,'2023-11-27','B1013',1026,2020176332,'S329XP','YES');
INSERT INTO PARCEL VALUES('620025061349889','L',2.00,'2023-11-26',null,1022,2023187986,'J233NT','YES');
INSERT INTO PARCEL VALUES('620025612983347','L',2.00,'2023-11-26','C3093',1023,2022178263,'J233NT','YES');
INSERT INTO PARCEL VALUES('620022019183748','S',0.50,'2023-11-26','B1307',1024,2022178263,'J233NT','YES');

INSERT INTO PARCEL VALUES('SPXMY0216142215','M',1.50,'2023-11-26','B1251',1022,2022479888,'S329XP','YES');
INSERT INTO PARCEL VALUES('620025886427447','S',0.50,'2023-11-23','A0234',1023,2020176332,'J233NT','YES');
INSERT INTO PARCEL VALUES('620021775623557','M',1.50,'2023-11-23','B2110',1022,2020176332,'J233NT','YES');
INSERT INTO PARCEL VALUES('SPE2001401232','L',2.00,'2023-11-28','C2114',1027,2023789321,'N8991V','YES');
INSERT INTO PARCEL VALUES('SPXMY3012014855','M',1.50,'2023-11-26','B2100',1024,2022178944,'S329XP','YES');
INSERT INTO PARCEL VALUES('SPXMY3105110215','M',1.50,'2023-11-26','B2301',1023,2023789321,'S329XP','YES');
INSERT INTO PARCEL VALUES('SPE5001240122','S',0.50,'2023-11-28','A1355',1022,2022178944,'N8991V','YES');
INSERT INTO PARCEL VALUES('SPE8001203596','L',2.00,'2023-11-28','C1020',1027,2021198000,'N8991V','YES');
INSERT INTO PARCEL VALUES('620022030112410','S',0.50,'2023-11-23','A4001',1023,2023789321,'J233NT','YES');
INSERT INTO PARCEL VALUES('620029545100231','S',0.50,'2023-11-23','A2350',1022,2022479123,'J233NT','YES');

INSERT INTO PARCEL VALUES('SPE0119288372','L',2.00,'2023-11-20','C1102',1021,2022178944,'N8991V','YES');
INSERT INTO PARCEL VALUES('SPE8001239283','M',1.50,'2023-11-20','B2109',1022,2022371123,'N8991V','YES');
INSERT INTO PARCEL VALUES('SPXMY8119200199','M',1.50,'2023-11-23','B1028',1022,2021372986,'S329XP','YES');
INSERT INTO PARCEL VALUES('SPXMY2991028332','S',0.50,'2023-11-23','A3249',1023,2023461789,'S329XP','YES');
INSERT INTO PARCEL VALUES('SPXMY1882912335','L',2.00,'2023-11-23','C2115',1026,2023461789,'S329XP','YES');
INSERT INTO PARCEL VALUES('620023001918226','M',1.50,'2023-11-27','B3201',1025,2021284736,'J233NT','YES');
INSERT INTO PARCEL VALUES('SPE2883918199','S',0.50,'2023-11-20','A2152',1023,2020291776,'N8991V','YES');
INSERT INTO PARCEL VALUES('SPE3992837442','S',0.50,'2023-11-20','A1930',1021,2021284736,'N8991V','YES');
INSERT INTO PARCEL VALUES('620027162728393','L',2.00,'2023-11-27','C3221',1025,2020176332,'J233NT','YES');
INSERT INTO PARCEL VALUES('SPXMY1142278910','M',1.50,'2023-11-23','B1994',1022,2023671897,'S329XP','YES');

/*PAYMENT*/
INSERT INTO PAYMENT VALUES (12546783,0.50,'2023-11-30',2021432665,1025);
INSERT INTO PAYMENT VALUES (12436879,2.50,'2023-12-02',2021478221,1026);
INSERT INTO PAYMENT VALUES (12689913,3.50,'2023-12-01',2022761893,1021);
INSERT INTO PAYMENT VALUES (23367846,1.50,'2023-11-27',2022371123,1022);
INSERT INTO PAYMENT VALUES (34254795,2.00,'2023-11-30',2021198000,1025);
INSERT INTO PAYMENT VALUES (10748046,2.00,'2023-11-28',2020176332,1023);
INSERT INTO PAYMENT VALUES (83946856,3.50,'2023-11-29',2020176332,1024);
INSERT INTO PAYMENT VALUES (39903710,1.50,'2023-11-27',2021478553,1022);
INSERT INTO PAYMENT VALUES (80133638,2.50,'2023-11-28',2023461789,1023);
INSERT INTO PAYMENT VALUES (18893583,1.50,'2023-11-30',2023189374,1027);
INSERT INTO PAYMENT VALUES (83187080,4.00,'2023-12-02',2022178944,1026);
INSERT INTO PAYMENT VALUES (29867469,2.00,'2023-11-27',2022311777,1022);
INSERT INTO PAYMENT VALUES (17926804,0.50,'2023-11-30',2020291776,1027);

INSERT INTO PAYMENT VALUES (93502364,0.50,'2023-12-04',2022479123,1022);
INSERT INTO PAYMENT VALUES (12124689,2.50,'2023-12-06',2022178263,1024);
INSERT INTO PAYMENT VALUES (93550890,1.50,'2023-12-08',2020179337,1027);
INSERT INTO PAYMENT VALUES (77894102,0.50,'2023-12-03',2021387461,1021);
INSERT INTO PAYMENT VALUES (53345769,1.50,'2023-12-05',2023187986,1023);
INSERT INTO PAYMENT VALUES (24957381,2.50,'2023-12-07',2023187986,1025);
INSERT INTO PAYMENT VALUES (11258799,1.50,'2023-12-09',2021372986,1027);
INSERT INTO PAYMENT VALUES (59210357,4.00,'2023-12-04',2023789321,1022);
INSERT INTO PAYMENT VALUES (23358976,2.00,'2023-12-06',2021284736,1024);
INSERT INTO PAYMENT VALUES (70889477,1.50,'2023-12-08',2023671897,1026);
INSERT INTO PAYMENT VALUES (24563678,3.50,'2023-12-03',2022479888,1021);

COMMIT;